"","child","parent","length"
"1","CHEBI:5088","CHEBI:23367",8
"2","CHEBI:10119","CHEBI:23367",7
"3","CHEBI:71219","CHEBI:23367",8
"4","CHEBI:17115","CHEBI:23367",9
"5","CHEBI:2950","CHEBI:23367",9
"6","CHEBI:60761","CHEBI:23367",7
"7","CHEBI:3478","CHEBI:23367",10
"8","CHEBI:3398","CHEBI:23367",9
"9","CHEBI:16714","CHEBI:23367",9
"10","CHEBI:2915","CHEBI:23367",7
"11","CHEBI:28939","CHEBI:23367",10
"12","CHEBI:63611","CHEBI:23367",8
"13","CHEBI:9588","CHEBI:23367",9
"14","CHEBI:31783","CHEBI:23367",7
"15","CHEBI:31468","CHEBI:23367",9
"16","CHEBI:6904","CHEBI:23367",8
"17","CHEBI:7565","CHEBI:23367",10
"18","CHEBI:4453","CHEBI:23367",7
"19","CHEBI:48669","CHEBI:23367",9
"20","CHEBI:59560","CHEBI:23367",12
"21","CHEBI:3561","CHEBI:23367",8
"22","CHEBI:3172","CHEBI:23367",7
"23","CHEBI:8214","CHEBI:23367",10
"24","CHEBI:7444","CHEBI:59999",4
"25","CHEBI:6758","CHEBI:23367",12
"26","CHEBI:15782","CHEBI:23367",10
"27","CHEBI:8228","CHEBI:23367",8
"28","CHEBI:7789","CHEBI:23367",8
"29","CHEBI:2637","CHEBI:23367",8
"30","CHEBI:59224","CHEBI:23367",10
"31","CHEBI:4974","CHEBI:23367",9
"32","CHEBI:52010","CHEBI:23367",9
"33","CHEBI:34911","CHEBI:23367",8
"34","CHEBI:9241","CHEBI:23367",8
"35","CHEBI:18095","CHEBI:23367",11
"36","CHEBI:104011","CHEBI:23367",10
"37","CHEBI:32181","CHEBI:23367",8
"38","CHEBI:3312","CHEBI:23367",5
"39","CHEBI:2569","CHEBI:23367",9
"40","CHEBI:4728","CHEBI:23367",11
"41","CHEBI:51209","CHEBI:23367",8
"42","CHEBI:8716","CHEBI:23367",7
"43","CHEBI:7820","CHEBI:23367",9
"44","CHEBI:7798","CHEBI:23367",9
"45","CHEBI:32599","CHEBI:23367",5
"46","CHEBI:64317","CHEBI:23367",8
"47","CHEBI:4513","CHEBI:23367",10
"48","CHEBI:27732","CHEBI:23367",11
"49","CHEBI:2904","CHEBI:23367",9
"50","CHEBI:16708","CHEBI:23367",10
"51","CHEBI:2788","CHEBI:23367",8
"52","CHEBI:2948","CHEBI:23367",8
"53","CHEBI:5163","CHEBI:23367",9
"54","CHEBI:4591","CHEBI:23367",9
"55","CHEBI:251412","CHEBI:23367",10
"56","CHEBI:2376","CHEBI:23367",11
"57","CHEBI:17698","CHEBI:23367",7
"58","CHEBI:4708","CHEBI:23367",7
"59","CHEBI:309594","CHEBI:23367",9
"60","CHEBI:31856","CHEBI:23367",10
"61","CHEBI:5959","CHEBI:23367",8
"62","CHEBI:15367","CHEBI:23367",11
"63","CHEBI:59269","CHEBI:23367",8
"64","CHEBI:3495","CHEBI:23367",10
"65","CHEBI:7731","CHEBI:23367",7
"66","CHEBI:31794","CHEBI:23367",6
"67","CHEBI:10033","CHEBI:59999",4
"68","CHEBI:2639","CHEBI:23367",7
"69","CHEBI:10100","CHEBI:23367",9
"70","CHEBI:59213","CHEBI:23367",8
"71","CHEBI:27470","CHEBI:23367",9
"72","CHEBI:101085","CHEBI:23367",8
"73","CHEBI:63589","CHEBI:23367",7
"74","CHEBI:18050","CHEBI:23367",9
"75","CHEBI:291342","CHEBI:23367",9
"76","CHEBI:2675","CHEBI:23367",10
"77","CHEBI:10102","CHEBI:23367",9
"78","CHEBI:31197","CHEBI:23367",5
"79","CHEBI:27999","CHEBI:23367",9
"80","CHEBI:53486","CHEBI:23367",10
"81","CHEBI:59343","CHEBI:23367",8
"82","CHEBI:59514","CHEBI:23367",7
"83","CHEBI:31225","CHEBI:23367",8
"84","CHEBI:59788","CHEBI:23367",9
"85","CHEBI:4670","CHEBI:23367",10
"86","CHEBI:6784","CHEBI:23367",7
"87","CHEBI:16724","CHEBI:23367",8
"88","CHEBI:9328","CHEBI:23367",9
"89","CHEBI:554446","CHEBI:23367",10
"90","CHEBI:64356","CHEBI:23367",11
"91","CHEBI:6030","CHEBI:23367",8
"92","CHEBI:40009","CHEBI:23367",9
"93","CHEBI:72564","CHEBI:23367",7
"94","CHEBI:8354","CHEBI:23367",6
"95","CHEBI:4638","CHEBI:23367",8
"96","CHEBI:17561","CHEBI:23367",9
"97","CHEBI:23359","CHEBI:23367",8
"98","CHEBI:75273","CHEBI:23367",7
"99","CHEBI:16919","CHEBI:23367",8
"100","CHEBI:66876","CHEBI:23367",7
"101","CHEBI:5195","CHEBI:23367",9
"102","CHEBI:66919","CHEBI:23367",9
"103","CHEBI:70735","CHEBI:23367",7
"104","CHEBI:38010","CHEBI:23367",9
"105","CHEBI:9948","CHEBI:59999",4
"106","CHEBI:8713","CHEBI:23367",9
"107","CHEBI:7809","CHEBI:23367",10
"108","CHEBI:31236","CHEBI:23367",7
"109","CHEBI:63625","CHEBI:23367",8
"110","CHEBI:4792","CHEBI:23367",7
"111","CHEBI:72690","CHEBI:23367",8
"112","CHEBI:8059","CHEBI:23367",10
"113","CHEBI:4681","CHEBI:23367",8
"114","CHEBI:404903","CHEBI:23367",10
"115","CHEBI:8066","CHEBI:23367",9
"116","CHEBI:204928","CHEBI:23367",8
"117","CHEBI:50838","CHEBI:23367",9
"118","CHEBI:100241","CHEBI:23367",7
"119","CHEBI:8249","CHEBI:23367",9
"120","CHEBI:7459","CHEBI:23367",8
"121","CHEBI:8435","CHEBI:23367",7
"122","CHEBI:114785","CHEBI:23367",7
"123","CHEBI:126237","CHEBI:23367",11
"124","CHEBI:27504","CHEBI:23367",10
"125","CHEBI:2401","CHEBI:23367",10
"126","CHEBI:746859","CHEBI:23367",8
"127","CHEBI:32184","CHEBI:23367",6
"128","CHEBI:4027","CHEBI:23367",7
"129","CHEBI:175901","CHEBI:23367",7
"130","CHEBI:9738","CHEBI:23367",9
"131","CHEBI:16899","CHEBI:23367",10
"132","CHEBI:247956","CHEBI:23367",8
"133","CHEBI:50659","CHEBI:23367",8
"134","CHEBI:3493","CHEBI:23367",10
"135","CHEBI:3380","CHEBI:23367",8
"136","CHEBI:9150","CHEBI:23367",7
"137","CHEBI:5296","CHEBI:23367",8
"138","CHEBI:15882","CHEBI:23367",7
"139","CHEBI:51380","CHEBI:23367",9
"140","CHEBI:600520","CHEBI:23367",9
"141","CHEBI:53760","CHEBI:23367",10
"142","CHEBI:8890","CHEBI:23367",11
"143","CHEBI:28462","CHEBI:23367",8
"144","CHEBI:3032","CHEBI:23367",9
"145","CHEBI:2379","CHEBI:23367",8
"146","CHEBI:2549","CHEBI:23367",7
"147","CHEBI:4710","CHEBI:23367",9
"148","CHEBI:2666","CHEBI:23367",8
"149","CHEBI:4724","CHEBI:23367",9
"150","CHEBI:6838","CHEBI:23367",10
"151","CHEBI:51041","CHEBI:23367",8
"152","CHEBI:59692","CHEBI:23367",8
"153","CHEBI:50223","CHEBI:23367",11
"154","CHEBI:34825","CHEBI:23367",9
"155","CHEBI:209807","CHEBI:23367",7
"156","CHEBI:10124","CHEBI:23367",11
"157","CHEBI:39585","CHEBI:23367",7
"158","CHEBI:68642","CHEBI:23367",9
"159","CHEBI:17650","CHEBI:23367",8
"160","CHEBI:4031","CHEBI:23367",11
"161","CHEBI:27436","CHEBI:23367",9
"162","CHEBI:36795","CHEBI:23367",10
"163","CHEBI:123417","CHEBI:23367",8
"164","CHEBI:5706","CHEBI:23367",12
"165","CHEBI:2567","CHEBI:23367",9
"166","CHEBI:18332","CHEBI:23367",9
"167","CHEBI:76014","CHEBI:23367",5
"168","CHEBI:9654","CHEBI:23367",7
"169","CHEBI:8067","CHEBI:23367",10
"170","CHEBI:8459","CHEBI:23367",10
"171","CHEBI:64310","CHEBI:23367",8
"172","CHEBI:51368","CHEBI:23367",8
"173","CHEBI:71223","CHEBI:23367",7
"174","CHEBI:63608","CHEBI:23367",7
"175","CHEBI:4445","CHEBI:23367",7
"176","CHEBI:53289","CHEBI:23367",9
"177","CHEBI:39465","CHEBI:23367",9
"178","CHEBI:4717","CHEBI:23367",7
"179","CHEBI:15544","CHEBI:23367",10
"180","CHEBI:8707","CHEBI:23367",7
"181","CHEBI:15552","CHEBI:23367",11
"182","CHEBI:149836","CHEBI:23367",9
"183","CHEBI:18019","CHEBI:23367",9
"184","CHEBI:4754","CHEBI:23367",11
"185","CHEBI:4754","CHEBI:59999",4
"186","CHEBI:40237","CHEBI:23367",9
"187","CHEBI:47898","CHEBI:23367",10
"188","CHEBI:18357","CHEBI:23367",11
"189","CHEBI:31000","CHEBI:23367",9
"190","CHEBI:16914","CHEBI:23367",9
"191","CHEBI:10093","CHEBI:23367",10
"192","CHEBI:16349","CHEBI:23367",13
"193","CHEBI:3534","CHEBI:23367",10
"194","CHEBI:32315","CHEBI:23367",9
"195","CHEBI:28864","CHEBI:23367",9
"196","CHEBI:30659","CHEBI:23367",9
"197","CHEBI:164200","CHEBI:23367",7
"198","CHEBI:27777","CHEBI:23367",10
"199","CHEBI:28262","CHEBI:23367",8
"200","CHEBI:6997","CHEBI:23367",9
"201","CHEBI:38940","CHEBI:23367",9
"202","CHEBI:408174","CHEBI:23367",8
"203","CHEBI:3752","CHEBI:23367",10
"204","CHEBI:8080","CHEBI:23367",10
"205","CHEBI:47612","CHEBI:23367",8
"206","CHEBI:4995","CHEBI:23367",9
"207","CHEBI:9334","CHEBI:23367",8
"208","CHEBI:3756","CHEBI:23367",9
"209","CHEBI:53776","CHEBI:23367",8
"210","CHEBI:36791","CHEBI:23367",8
"211","CHEBI:31414","CHEBI:23367",8
"212","CHEBI:50567","CHEBI:23367",8
"213","CHEBI:16469","CHEBI:23367",9
"214","CHEBI:2636","CHEBI:23367",8
"215","CHEBI:4868","CHEBI:23367",7
"216","CHEBI:9774","CHEBI:23367",10
"217","CHEBI:50694","CHEBI:23367",9
"218","CHEBI:44932","CHEBI:23367",9
"219","CHEBI:4551","CHEBI:23367",9
"220","CHEBI:157175","CHEBI:23367",7
"221","CHEBI:4876","CHEBI:23367",8
"222","CHEBI:3743","CHEBI:23367",5
"223","CHEBI:3619","CHEBI:23367",8
"224","CHEBI:63613","CHEBI:23367",9
"225","CHEBI:63845","CHEBI:23367",9
"226","CHEBI:4975","CHEBI:23367",8
"227","CHEBI:3077","CHEBI:23367",8
"228","CHEBI:161680","CHEBI:23367",11
"229","CHEBI:6128","CHEBI:23367",10
"230","CHEBI:3207","CHEBI:23367",8
"231","CHEBI:5280","CHEBI:23367",7
"232","CHEBI:3696","CHEBI:23367",8
"233","CHEBI:50131","CHEBI:23367",10
"234","CHEBI:3650","CHEBI:23367",9
"235","CHEBI:4046","CHEBI:23367",9
"236","CHEBI:4672","CHEBI:23367",11
"237","CHEBI:3479","CHEBI:23367",10
"238","CHEBI:6413","CHEBI:23367",9
"239","CHEBI:28502","CHEBI:23367",11
"240","CHEBI:50815","CHEBI:23367",7
"241","CHEBI:17411","CHEBI:23367",15
"242","CHEBI:258351","CHEBI:23367",8
"243","CHEBI:8452","CHEBI:23367",11
"244","CHEBI:51024","CHEBI:23367",9
"245","CHEBI:18358","CHEBI:23367",8
"246","CHEBI:9073","CHEBI:23367",12
"247","CHEBI:47657","CHEBI:23367",7
"248","CHEBI:480999","CHEBI:23367",9
"249","CHEBI:6970","CHEBI:23367",8
"250","CHEBI:6933","CHEBI:23367",8
"251","CHEBI:8428","CHEBI:23367",10
"252","CHEBI:63623","CHEBI:23367",8
"253","CHEBI:28984","CHEBI:33250",3
"254","CHEBI:61203","CHEBI:23367",9
"255","CHEBI:31355","CHEBI:23367",5
"256","CHEBI:9445","CHEBI:23367",9
"257","CHEBI:8884","CHEBI:23367",7
"258","CHEBI:100717","CHEBI:23367",10
"259","CHEBI:16414","CHEBI:23367",9
"260","CHEBI:50922","CHEBI:23367",8
"261","CHEBI:28830","CHEBI:23367",7
"262","CHEBI:47780","CHEBI:23367",10
"263","CHEBI:2618","CHEBI:23367",9
"264","CHEBI:4474","CHEBI:23367",7
"265","CHEBI:31638","CHEBI:23367",7
"266","CHEBI:3489","CHEBI:23367",10
"267","CHEBI:31174","CHEBI:23367",9
"268","CHEBI:15422","CHEBI:23367",12
"269","CHEBI:45979","CHEBI:23367",6
"270","CHEBI:55344","CHEBI:23367",8
"271","CHEBI:5141","CHEBI:23367",11
"272","CHEBI:4784","CHEBI:23367",9
"273","CHEBI:48574","CHEBI:23367",10
"274","CHEBI:32888","CHEBI:23367",10
"275","CHEBI:31547","CHEBI:23367",8
"276","CHEBI:50122","CHEBI:23367",9
"277","CHEBI:17263","CHEBI:23367",8
"278","CHEBI:4856","CHEBI:59999",4
"279","CHEBI:63587","CHEBI:23367",6
"280","CHEBI:4514","CHEBI:23367",8
"281","CHEBI:7823","CHEBI:23367",7
"282","CHEBI:16335","CHEBI:23367",11
"283","CHEBI:681850","CHEBI:23367",9
"284","CHEBI:5790","CHEBI:23367",9
"285","CHEBI:28077","CHEBI:23367",10
"286","CHEBI:16643","CHEBI:23367",9
"287","CHEBI:681569","CHEBI:23367",7
"288","CHEBI:31618","CHEBI:23367",7
"289","CHEBI:50859","CHEBI:23367",8
"290","CHEBI:50692","CHEBI:23367",10
"291","CHEBI:17015","CHEBI:23367",10
"292","CHEBI:5121","CHEBI:23367",6
"293","CHEBI:3749","CHEBI:23367",9
"294","CHEBI:59120","CHEBI:23367",8
"295","CHEBI:4530","CHEBI:23367",9
"296","CHEBI:32588","CHEBI:23367",5
"297","CHEBI:68584","CHEBI:23367",7
"298","CHEBI:28230","CHEBI:23367",8
"299","CHEBI:17780","CHEBI:23367",11
"300","CHEBI:9130","CHEBI:23367",7
"301","CHEBI:10110","CHEBI:23367",7
"302","CHEBI:50438","CHEBI:23367",10
"303","CHEBI:171741","CHEBI:23367",9
"304","CHEBI:16238","CHEBI:23367",11
"305","CHEBI:4636","CHEBI:23367",8
"306","CHEBI:142290","CHEBI:23367",9
"307","CHEBI:101278","CHEBI:23367",9
"308","CHEBI:31599","CHEBI:23367",8
"309","CHEBI:2955","CHEBI:23367",9
"310","CHEBI:32139","CHEBI:23367",7
"311","CHEBI:2679","CHEBI:23367",10
"312","CHEBI:59177","CHEBI:23367",7
"313","CHEBI:22907","CHEBI:23367",10
"314","CHEBI:518413","CHEBI:23367",10
"315","CHEBI:4604","CHEBI:23367",6
"316","CHEBI:5441","CHEBI:23367",9
"317","CHEBI:10112","CHEBI:23367",9
"318","CHEBI:2922","CHEBI:23367",5
"319","CHEBI:9667","CHEBI:23367",8
"320","CHEBI:18723","CHEBI:23367",9
"321","CHEBI:51032","CHEBI:23367",8
"322","CHEBI:27701","CHEBI:23367",9
"323","CHEBI:17941","CHEBI:23367",10
"324","CHEBI:102130","CHEBI:23367",9
"325","CHEBI:17486","CHEBI:23367",10
"326","CHEBI:15956","CHEBI:23367",10
"327","CHEBI:6723","CHEBI:23367",9
"328","CHEBI:48390","CHEBI:23367",8
"329","CHEBI:94513","CHEBI:23367",8
"330","CHEBI:18067","CHEBI:23367",12
"331","CHEBI:31413","CHEBI:23367",7
"332","CHEBI:28177","CHEBI:23367",11
"333","CHEBI:4910","CHEBI:23367",9
"334","CHEBI:50217","CHEBI:23367",7
"335","CHEBI:5557","CHEBI:23367",8
"336","CHEBI:31448","CHEBI:23367",10
"337","CHEBI:55346","CHEBI:23367",7
"338","CHEBI:9352","CHEBI:23367",7
"339","CHEBI:15741","CHEBI:23367",10
"340","CHEBI:31497","CHEBI:23367",6
"341","CHEBI:6532","CHEBI:23367",8
"342","CHEBI:70746","CHEBI:23367",8
"343","CHEBI:4888","CHEBI:23367",12
"344","CHEBI:49040","CHEBI:23367",7
"345","CHEBI:17295","CHEBI:23367",9
"346","CHEBI:15603","CHEBI:23367",9
"347","CHEBI:50381","CHEBI:23367",9
"348","CHEBI:28544","CHEBI:23367",11
"349","CHEBI:8499","CHEBI:23367",8
"350","CHEBI:7478","CHEBI:23367",8
"351","CHEBI:6909","CHEBI:23367",8
"352","CHEBI:6472","CHEBI:23367",9
"353","CHEBI:9566","CHEBI:23367",9
"354","CHEBI:5130","CHEBI:23367",8
"355","CHEBI:3423","CHEBI:23367",7
"356","CHEBI:6919","CHEBI:23367",10
"357","CHEBI:8356","CHEBI:23367",9
"358","CHEBI:5001","CHEBI:23367",8
"359","CHEBI:64045","CHEBI:23367",8
"360","CHEBI:3437","CHEBI:23367",8
"361","CHEBI:28445","CHEBI:23367",8
"362","CHEBI:240107","CHEBI:23367",7
"363","CHEBI:7492","CHEBI:23367",9
"364","CHEBI:9434","CHEBI:23367",8
"365","CHEBI:28572","CHEBI:23367",9
"366","CHEBI:3720","CHEBI:23367",7
"367","CHEBI:9635","CHEBI:23367",7
"368","CHEBI:7468","CHEBI:23367",9
"369","CHEBI:31711","CHEBI:23367",7
"370","CHEBI:6343","CHEBI:23367",9
"371","CHEBI:6801","CHEBI:23367",8
"372","CHEBI:100246","CHEBI:23367",7
"373","CHEBI:52717","CHEBI:23367",9
"374","CHEBI:6759","CHEBI:23367",10
"375","CHEBI:45327","CHEBI:23367",9
"376","CHEBI:50729","CHEBI:23367",8
"377","CHEBI:3614","CHEBI:23367",9
"378","CHEBI:3766","CHEBI:23367",7
"379","CHEBI:4450","CHEBI:23367",11
"380","CHEBI:36704","CHEBI:23367",9
"381","CHEBI:9536","CHEBI:23367",7
"382","CHEBI:17191","CHEBI:23367",9
"383","CHEBI:50667","CHEBI:23367",10
"384","CHEBI:34838","CHEBI:23367",9
"385","CHEBI:2739","CHEBI:23367",8
"386","CHEBI:17203","CHEBI:23367",9
"387","CHEBI:364453","CHEBI:23367",7
"388","CHEBI:27786","CHEBI:23367",9
"389","CHEBI:127780","CHEBI:23367",7
"390","CHEBI:2972","CHEBI:23367",9
"391","CHEBI:17833","CHEBI:23367",9
"392","CHEBI:9927","CHEBI:23367",9
"393","CHEBI:107736","CHEBI:23367",9
"394","CHEBI:15765","CHEBI:23367",11
"395","CHEBI:31527","CHEBI:23367",9
"396","CHEBI:9168","CHEBI:23367",8
"397","CHEBI:15365","CHEBI:23367",8
"398","CHEBI:16977","CHEBI:23367",9
"399","CHEBI:16794","CHEBI:23367",9
"400","CHEBI:2654","CHEBI:23367",9
"401","CHEBI:4702","CHEBI:23367",8
"402","CHEBI:8378","CHEBI:23367",8
"403","CHEBI:36373","CHEBI:23367",8
"404","CHEBI:116735","CHEBI:23367",9
"405","CHEBI:9398","CHEBI:23367",8
"406","CHEBI:8888","CHEBI:23367",10
"407","CHEBI:585948","CHEBI:23367",9
"408","CHEBI:59297","CHEBI:23367",5
"409","CHEBI:4885","CHEBI:23367",9
"410","CHEBI:251408","CHEBI:23367",7
"411","CHEBI:4779","CHEBI:23367",9
"412","CHEBI:5004","CHEBI:23367",9
"413","CHEBI:119915","CHEBI:23367",9
"414","CHEBI:37924","CHEBI:23367",8
"415","CHEBI:31797","CHEBI:23367",7
"416","CHEBI:31441","CHEBI:23367",8
"417","CHEBI:8597","CHEBI:23367",8
"418","CHEBI:18208","CHEBI:23367",11
"419","CHEBI:51173","CHEBI:23367",10
"420","CHEBI:50924","CHEBI:23367",8
"421","CHEBI:32192","CHEBI:23367",7
"422","CHEBI:101853","CHEBI:23367",8
"423","CHEBI:50199","CHEBI:23367",7
"424","CHEBI:27565","CHEBI:23367",7
"425","CHEBI:27690","CHEBI:23367",8
"426","CHEBI:9622","CHEBI:23367",10
"427","CHEBI:7856","CHEBI:23367",6
"428","CHEBI:6121","CHEBI:23367",9
"429","CHEBI:31401","CHEBI:23367",9
"430","CHEBI:8430","CHEBI:23367",9
"431","CHEBI:6794","CHEBI:23367",10
"432","CHEBI:9674","CHEBI:23367",10
"433","CHEBI:48131","CHEBI:23367",10
"434","CHEBI:6888","CHEBI:23367",9
"435","CHEBI:90960","CHEBI:23367",7
"436","CHEBI:49713","CHEBI:23367",6
"437","CHEBI:9212","CHEBI:23367",7
"438","CHEBI:47426","CHEBI:23367",8
"439","CHEBI:50693","CHEBI:23367",7
"440","CHEBI:3385","CHEBI:23367",8
"441","CHEBI:15729","CHEBI:23367",12
"442","CHEBI:5864","CHEBI:23367",8
"443","CHEBI:28925","CHEBI:23367",7
"444","CHEBI:4877","CHEBI:23367",9
"445","CHEBI:51230","CHEBI:23367",9
"446","CHEBI:5123","CHEBI:23367",7
"447","CHEBI:17474","CHEBI:23367",9
"448","CHEBI:31348","CHEBI:23367",7
"449","CHEBI:10125","CHEBI:23367",9
"450","CHEBI:94810","CHEBI:23367",13
"451","CHEBI:50777","CHEBI:23367",7
"452","CHEBI:43755","CHEBI:23367",11
"453","CHEBI:367163","CHEBI:23367",8
"454","CHEBI:5106","CHEBI:23367",8
"455","CHEBI:57589","CHEBI:23367",10
"456","CHEBI:474180","CHEBI:23367",7
"457","CHEBI:16709","CHEBI:23367",9
"458","CHEBI:18385","CHEBI:23367",10
"459","CHEBI:37922","CHEBI:23367",10
"460","CHEBI:7824","CHEBI:23367",9
"461","CHEBI:29013","CHEBI:23367",8
"462","CHEBI:6062","CHEBI:23367",8
"463","CHEBI:48538","CHEBI:23367",9
"464","CHEBI:3508","CHEBI:23367",8
"465","CHEBI:16828","CHEBI:23367",9
"466","CHEBI:28669","CHEBI:59999",3
"467","CHEBI:50648","CHEBI:23367",11
"468","CHEBI:17347","CHEBI:23367",9
"469","CHEBI:4657","CHEBI:23367",9
"470","CHEBI:77032","CHEBI:23367",7
"471","CHEBI:68606","CHEBI:23367",9
"472","CHEBI:9123","CHEBI:23367",8
"473","CHEBI:472657","CHEBI:23367",10
"474","CHEBI:71204","CHEBI:23367",8
"475","CHEBI:16027","CHEBI:23367",13
"476","CHEBI:43968","CHEBI:23367",10
"477","CHEBI:3506","CHEBI:23367",7
"478","CHEBI:17303","CHEBI:23367",9
"479","CHEBI:34380","CHEBI:23367",9
"480","CHEBI:45081","CHEBI:23367",8
"481","CHEBI:59773","CHEBI:23367",9
"482","CHEBI:7575","CHEBI:23367",8
"483","CHEBI:7852","CHEBI:23367",9
"484","CHEBI:51141","CHEBI:23367",9
"485","CHEBI:66913","CHEBI:23367",8
"486","CHEBI:2673","CHEBI:23367",12
"487","CHEBI:52993","CHEBI:23367",7
"488","CHEBI:2038","CHEBI:23367",9
"489","CHEBI:68590","CHEBI:23367",7
"490","CHEBI:7507","CHEBI:23367",9
"491","CHEBI:9331","CHEBI:23367",9
"492","CHEBI:17933","CHEBI:23367",8
"493","CHEBI:85083","CHEBI:23367",6
"494","CHEBI:8871","CHEBI:23367",7
"495","CHEBI:9611","CHEBI:23367",9
"496","CHEBI:16755","CHEBI:23367",8
"497","CHEBI:68595","CHEBI:23367",8
"498","CHEBI:313639","CHEBI:23367",9
"499","CHEBI:15940","CHEBI:23367",9
"500","CHEBI:3223","CHEBI:23367",7
"501","CHEBI:53778","CHEBI:23367",9
"502","CHEBI:9943","CHEBI:23367",8
"503","CHEBI:31980","CHEBI:23367",8
"504","CHEBI:7514","CHEBI:23367",7
"505","CHEBI:3048","CHEBI:23367",9
"506","CHEBI:63791","CHEBI:23367",8
"507","CHEBI:34665","CHEBI:23367",8
"508","CHEBI:3655","CHEBI:23367",7
"509","CHEBI:73468","CHEBI:23367",9
"510","CHEBI:4707","CHEBI:23367",7
"511","CHEBI:149226","CHEBI:23367",8
"512","CHEBI:3723","CHEBI:59999",4
"513","CHEBI:3485","CHEBI:23367",8
"514","CHEBI:4953","CHEBI:23367",10
"515","CHEBI:3176","CHEBI:23367",8
"516","CHEBI:27432","CHEBI:23367",11
"517","CHEBI:6456","CHEBI:23367",9
"518","CHEBI:28901","CHEBI:23367",8
"519","CHEBI:5103","CHEBI:23367",7
"520","CHEBI:59040","CHEBI:23367",9
"521","CHEBI:53766","CHEBI:23367",8
"522","CHEBI:3213","CHEBI:23367",8
"523","CHEBI:3061","CHEBI:23367",9
"524","CHEBI:7640","CHEBI:23367",8
"525","CHEBI:5132","CHEBI:23367",8
"526","CHEBI:35553","CHEBI:23367",9
"527","CHEBI:17076","CHEBI:23367",9
"528","CHEBI:17026","CHEBI:23367",9
"529","CHEBI:7983","CHEBI:23367",12
"530","CHEBI:59750","CHEBI:23367",8
"531","CHEBI:50378","CHEBI:23367",8
"532","CHEBI:4470","CHEBI:23367",8
"533","CHEBI:32221","CHEBI:23367",9
"534","CHEBI:28940","CHEBI:23367",8
"535","CHEBI:40303","CHEBI:23367",7
"536","CHEBI:16347","CHEBI:23367",11
"537","CHEBI:5383","CHEBI:23367",9
"538","CHEBI:30089","CHEBI:23367",7
"539","CHEBI:126598","CHEBI:23367",8
"540","CHEBI:110423","CHEBI:23367",7
"541","CHEBI:9907","CHEBI:23367",8
"542","CHEBI:147675","CHEBI:23367",7
"543","CHEBI:50156","CHEBI:23367",8
"544","CHEBI:3647","CHEBI:23367",7
"545","CHEBI:28876","CHEBI:23367",7
"546","CHEBI:8461","CHEBI:23367",10
"547","CHEBI:51210","CHEBI:23367",10
"548","CHEBI:40279","CHEBI:23367",7
"549","CHEBI:18303","CHEBI:23367",9
"550","CHEBI:66901","CHEBI:23367",7
"551","CHEBI:15428","CHEBI:23367",9
"552","CHEBI:63637","CHEBI:23367",8
"553","CHEBI:73274","CHEBI:23367",6
"554","CHEBI:15640","CHEBI:23367",13
"555","CHEBI:42309","CHEBI:23367",8
"556","CHEBI:116278","CHEBI:23367",7
"557","CHEBI:10650","CHEBI:23367",8
"558","CHEBI:7447","CHEBI:23367",10
"559","CHEBI:16283","CHEBI:23367",9
"560","CHEBI:17823","CHEBI:23367",8
"561","CHEBI:4469","CHEBI:23367",11
"562","CHEBI:28593","CHEBI:23367",10
"563","CHEBI:553827","CHEBI:23367",9
"564","CHEBI:68551","CHEBI:23367",11
"565","CHEBI:48844","CHEBI:23367",7
"566","CHEBI:4798","CHEBI:23367",9
"567","CHEBI:8768","CHEBI:23367",8
"568","CHEBI:4562","CHEBI:23367",12
"569","CHEBI:50662","CHEBI:23367",10
"570","CHEBI:9763","CHEBI:23367",8
"571","CHEBI:46557","CHEBI:23367",9
"572","CHEBI:3404","CHEBI:23367",8
"573","CHEBI:50173","CHEBI:23367",10
"574","CHEBI:64355","CHEBI:23367",7
"575","CHEBI:3371","CHEBI:23367",10
"576","CHEBI:4911","CHEBI:23367",9
"577","CHEBI:50841","CHEBI:23367",10
"578","CHEBI:8093","CHEBI:23367",9
"579","CHEBI:8069","CHEBI:23367",12
"580","CHEBI:70707","CHEBI:23367",7
"581","CHEBI:31580","CHEBI:23367",7
"582","CHEBI:499361","CHEBI:23367",8
"583","CHEBI:8448","CHEBI:23367",8
"584","CHEBI:27902","CHEBI:23367",9
"585","CHEBI:4858","CHEBI:23367",10
"586","CHEBI:17336","CHEBI:23367",9
"587","CHEBI:724125","CHEBI:23367",10
"588","CHEBI:4631","CHEBI:23367",8
"589","CHEBI:3510","CHEBI:23367",9
"590","CHEBI:2611","CHEBI:23367",7
"591","CHEBI:617099","CHEBI:23367",9
"592","CHEBI:8502","CHEBI:23367",9
"593","CHEBI:5775","CHEBI:23367",7
"594","CHEBI:17141","CHEBI:23367",8
"595","CHEBI:34764","CHEBI:23367",8
"596","CHEBI:3651","CHEBI:23367",9
"597","CHEBI:2663","CHEBI:23367",7
"598","CHEBI:51137","CHEBI:23367",10
"599","CHEBI:5417","CHEBI:23367",13
"600","CHEBI:20506","CHEBI:23367",12
"601","CHEBI:3419","CHEBI:23367",9
"602","CHEBI:5002","CHEBI:23367",9
"603","CHEBI:77069","CHEBI:59999",4
"604","CHEBI:5615","CHEBI:23367",8
"605","CHEBI:68855","CHEBI:23367",7
"606","CHEBI:53770","CHEBI:23367",9
"607","CHEBI:7465","CHEBI:23367",8
"608","CHEBI:7956","CHEBI:23367",11
"609","CHEBI:120346","CHEBI:23367",11
"610","CHEBI:71226","CHEBI:23367",9
"611","CHEBI:3112","CHEBI:23367",8
"612","CHEBI:9939","CHEBI:23367",7
"613","CHEBI:32260","CHEBI:23367",8
"614","CHEBI:4356","CHEBI:23367",11
"615","CHEBI:471744","CHEBI:23367",9
"616","CHEBI:35677","CHEBI:23367",9
"617","CHEBI:72312","CHEBI:23367",10
"618","CHEBI:3082","CHEBI:23367",9
"619","CHEBI:15971","CHEBI:23367",8
"620","CHEBI:9332","CHEBI:23367",9
"621","CHEBI:3568","CHEBI:23367",9
"622","CHEBI:10101","CHEBI:23367",11
"623","CHEBI:16467","CHEBI:23367",9
"624","CHEBI:31199","CHEBI:23367",8
"625","CHEBI:65344","CHEBI:23367",8
"626","CHEBI:5683","CHEBI:23367",10
"627","CHEBI:10023","CHEBI:23367",8
"628","CHEBI:575568","CHEBI:23367",9
"629","CHEBI:4887","CHEBI:23367",9
"630","CHEBI:31654","CHEBI:23367",9
"631","CHEBI:46081","CHEBI:23367",8
"632","CHEBI:3491","CHEBI:23367",10
"633","CHEBI:65347","CHEBI:23367",10
"634","CHEBI:8455","CHEBI:23367",9
"635","CHEBI:3216","CHEBI:23367",10
"636","CHEBI:6067","CHEBI:23367",11
"637","CHEBI:474053","CHEBI:23367",9
"638","CHEBI:6384","CHEBI:23367",8
"639","CHEBI:3897","CHEBI:23367",10
"640","CHEBI:439329","CHEBI:23367",9
"641","CHEBI:45951","CHEBI:23367",7
"642","CHEBI:37941","CHEBI:23367",9
"643","CHEBI:6438","CHEBI:23367",8
"644","CHEBI:584020","CHEBI:23367",9
"645","CHEBI:3996","CHEBI:23367",8
"646","CHEBI:51211","CHEBI:23367",8
"647","CHEBI:50663","CHEBI:23367",8
"648","CHEBI:27899","CHEBI:23367",6
"649","CHEBI:42191","CHEBI:23367",9
"650","CHEBI:71023","CHEBI:23367",8
"651","CHEBI:39462","CHEBI:23367",12
"652","CHEBI:66903","CHEBI:23367",8
"653","CHEBI:17630","CHEBI:23367",10
"654","CHEBI:3347","CHEBI:23367",9
"655","CHEBI:27808","CHEBI:23367",10
"656","CHEBI:18243","CHEBI:23367",10
"657","CHEBI:63628","CHEBI:23367",8
"658","CHEBI:6339","CHEBI:23367",7
"659","CHEBI:7627","CHEBI:23367",7
"660","CHEBI:6923","CHEBI:23367",11
"661","CHEBI:6923","CHEBI:59999",4
"662","CHEBI:3515","CHEBI:23367",8
"663","CHEBI:8405","CHEBI:23367",8
"664","CHEBI:3011","CHEBI:23367",9
"665","CHEBI:3228","CHEBI:23367",12
"666","CHEBI:28148","CHEBI:23367",11
"667","CHEBI:253342","CHEBI:23367",9
"668","CHEBI:3044","CHEBI:23367",10
"669","CHEBI:94701","CHEBI:23367",9
"670","CHEBI:8404","CHEBI:23367",9
"671","CHEBI:59445","CHEBI:23367",7
"672","CHEBI:9329","CHEBI:23367",8
"673","CHEBI:28918","CHEBI:23367",11
"674","CHEBI:8711","CHEBI:23367",7
"675","CHEBI:28934","CHEBI:23367",9
"676","CHEBI:681848","CHEBI:23367",10
"677","CHEBI:3047","CHEBI:23367",8
"678","CHEBI:465284","CHEBI:23367",11
"679","CHEBI:4907","CHEBI:23367",9
"680","CHEBI:4024","CHEBI:23367",8
"681","CHEBI:16480","CHEBI:23367",4
"682","CHEBI:4646","CHEBI:23367",9
"683","CHEBI:63616","CHEBI:23367",9
"684","CHEBI:7476","CHEBI:23367",9
"685","CHEBI:7508","CHEBI:23367",12
"686","CHEBI:7528","CHEBI:23367",9
"687","CHEBI:599928","CHEBI:23367",9
"688","CHEBI:3001","CHEBI:23367",8
"689","CHEBI:66899","CHEBI:23367",7
"690","CHEBI:7907","CHEBI:23367",9
"691","CHEBI:31624","CHEBI:23367",8
"692","CHEBI:2668","CHEBI:23367",9
"693","CHEBI:28568","CHEBI:23367",9
"694","CHEBI:28241","CHEBI:23367",9
"695","CHEBI:50861","CHEBI:23367",8
"696","CHEBI:68575","CHEBI:23367",8
"697","CHEBI:28680","CHEBI:23367",9
"698","CHEBI:68579","CHEBI:23367",7
"699","CHEBI:31524","CHEBI:23367",10
"700","CHEBI:4653","CHEBI:23367",8
"701","CHEBI:3994","CHEBI:23367",10
"702","CHEBI:9316","CHEBI:23367",8
"703","CHEBI:3988","CHEBI:23367",8
"704","CHEBI:102216","CHEBI:23367",6
"705","CHEBI:72297","CHEBI:23367",8
"706","CHEBI:4315","CHEBI:23367",7
"707","CHEBI:37333","CHEBI:23367",7
"708","CHEBI:168396","CHEBI:23367",7
"709","CHEBI:68647","CHEBI:23367",8
"710","CHEBI:238698","CHEBI:23367",9
"711","CHEBI:4659","CHEBI:23367",8
"712","CHEBI:2687","CHEBI:23367",8
"713","CHEBI:8984","CHEBI:23367",9
"714","CHEBI:3745","CHEBI:23367",7
"715","CHEBI:3353","CHEBI:23367",9
"716","CHEBI:5136","CHEBI:23367",8
"717","CHEBI:8673","CHEBI:23367",9
"718","CHEBI:102484","CHEBI:23367",9
"719","CHEBI:124991","CHEBI:23367",8
"720","CHEBI:6916","CHEBI:23367",8
"721","CHEBI:71253","CHEBI:59999",4
"722","CHEBI:4788","CHEBI:23367",9
"723","CHEBI:391960","CHEBI:23367",9
"724","CHEBI:46859","CHEBI:23367",9
"725","CHEBI:28364","CHEBI:23367",9
"726","CHEBI:3636","CHEBI:23367",9
"727","CHEBI:68610","CHEBI:23367",9
"728","CHEBI:16796","CHEBI:23367",9
"729","CHEBI:16236","CHEBI:23367",9
"730","CHEBI:27958","CHEBI:23367",9
"731","CHEBI:8364","CHEBI:23367",8
"732","CHEBI:6375","CHEBI:23367",8
"733","CHEBI:5118","CHEBI:59999",4
"734","CHEBI:85078","CHEBI:23367",7
"735","CHEBI:8255","CHEBI:23367",10
"736","CHEBI:55548","CHEBI:23367",9
"737","CHEBI:567361","CHEBI:23367",7
"738","CHEBI:51450","CHEBI:23367",8
"739","CHEBI:9555","CHEBI:23367",12
"740","CHEBI:31515","CHEBI:23367",9
"741","CHEBI:7931","CHEBI:23367",8
"742","CHEBI:4909","CHEBI:23367",9
"743","CHEBI:3640","CHEBI:23367",10
"744","CHEBI:46631","CHEBI:23367",8
"745","CHEBI:73275","CHEBI:23367",7
"746","CHEBI:50851","CHEBI:23367",9
"747","CHEBI:31981","CHEBI:23367",9
"748","CHEBI:39112","CHEBI:23367",8
"749","CHEBI:63631","CHEBI:23367",9
"750","CHEBI:72323","CHEBI:23367",9
"751","CHEBI:45783","CHEBI:23367",8
"752","CHEBI:17196","CHEBI:23367",9
"753","CHEBI:68621","CHEBI:23367",9
"754","CHEBI:2877","CHEBI:23367",8
"755","CHEBI:15551","CHEBI:23367",10
"756","CHEBI:6809","CHEBI:23367",10
"757","CHEBI:59170","CHEBI:23367",9
"758","CHEBI:17987","CHEBI:23367",9
"759","CHEBI:80774","CHEBI:23367",11
"760","CHEBI:4325","CHEBI:23367",8
"761","CHEBI:4466","CHEBI:23367",12
"762","CHEBI:51052","CHEBI:23367",9
"763","CHEBI:27666","CHEBI:23367",12
"764","CHEBI:7735","CHEBI:23367",7
"765","CHEBI:6762","CHEBI:23367",8
"766","CHEBI:5537","CHEBI:23367",9
"767","CHEBI:8212","CHEBI:23367",7
"768","CHEBI:34706","CHEBI:23367",8
"769","CHEBI:52172","CHEBI:23367",8
"770","CHEBI:6805","CHEBI:23367",9
"771","CHEBI:6807","CHEBI:23367",8
"772","CHEBI:3611","CHEBI:23367",6
"773","CHEBI:553473","CHEBI:23367",10
"774","CHEBI:48339","CHEBI:23367",7
"775","CHEBI:48273","CHEBI:23367",11
"776","CHEBI:27779","CHEBI:23367",7
"777","CHEBI:15409","CHEBI:23367",9
"778","CHEBI:6359","CHEBI:23367",12
"779","CHEBI:7601","CHEBI:23367",8
"780","CHEBI:174690","CHEBI:23367",9
"781","CHEBI:68554","CHEBI:23367",10
"782","CHEBI:9362","CHEBI:23367",9
"783","CHEBI:3242","CHEBI:23367",10
"784","CHEBI:63584","CHEBI:23367",11
"785","CHEBI:3697","CHEBI:23367",8
"786","CHEBI:3764","CHEBI:23367",9
"787","CHEBI:6541","CHEBI:23367",9
"788","CHEBI:31444","CHEBI:23367",10
"789","CHEBI:59204","CHEBI:23367",11
"790","CHEBI:18248","CHEBI:33250",6
"791","CHEBI:50373","CHEBI:23367",8
"792","CHEBI:9587","CHEBI:23367",10
"793","CHEBI:17895","CHEBI:23367",9
"794","CHEBI:6704","CHEBI:23367",9
"795","CHEBI:61058","CHEBI:23367",11
"796","CHEBI:8491","CHEBI:23367",9
"797","CHEBI:17053","CHEBI:23367",9
"798","CHEBI:60652","CHEBI:23367",12
"799","CHEBI:51164","CHEBI:23367",9
"800","CHEBI:4317","CHEBI:23367",8
"801","CHEBI:4305","CHEBI:23367",7
"802","CHEBI:3175","CHEBI:23367",10
"803","CHEBI:68478","CHEBI:23367",7
"804","CHEBI:3699","CHEBI:23367",8
"805","CHEBI:6950","CHEBI:23367",9
"806","CHEBI:8107","CHEBI:23367",12
"807","CHEBI:71028","CHEBI:23367",9
"808","CHEBI:51758","CHEBI:23367",10
"809","CHEBI:691037","CHEBI:23367",8
"810","CHEBI:34385","CHEBI:23367",9
"811","CHEBI:3732","CHEBI:23367",9
"812","CHEBI:9711","CHEBI:23367",7
"813","CHEBI:102265","CHEBI:23367",9
"814","CHEBI:50305","CHEBI:23367",6
"815","CHEBI:2896","CHEBI:23367",9
"816","CHEBI:3205","CHEBI:23367",9
"817","CHEBI:10127","CHEBI:23367",8
"818","CHEBI:2676","CHEBI:23367",11
"819","CHEBI:48947","CHEBI:23367",11
"820","CHEBI:520985","CHEBI:23367",8
"821","CHEBI:45906","CHEBI:23367",9
"822","CHEBI:16857","CHEBI:23367",9
"823","CHEBI:51066","CHEBI:23367",7
"824","CHEBI:8232","CHEBI:23367",11
"825","CHEBI:127544","CHEBI:23367",6
"826","CHEBI:16494","CHEBI:23367",7
"827","CHEBI:9142","CHEBI:23367",7
"828","CHEBI:31536","CHEBI:23367",7
"829","CHEBI:2956","CHEBI:23367",10
"830","CHEBI:50845","CHEBI:23367",9
"831","CHEBI:2968","CHEBI:23367",10
"832","CHEBI:6804","CHEBI:23367",7
"833","CHEBI:9288","CHEBI:23367",8
"834","CHEBI:30185","CHEBI:23367",7
"835","CHEBI:49668","CHEBI:23367",9
"836","CHEBI:59662","CHEBI:23367",9
"837","CHEBI:68845","CHEBI:23367",8
"838","CHEBI:27953","CHEBI:23367",9
"839","CHEBI:6061","CHEBI:23367",8
"840","CHEBI:3013","CHEBI:23367",8
"841","CHEBI:8776","CHEBI:23367",8
"842","CHEBI:15746","CHEBI:23367",10
"843","CHEBI:6887","CHEBI:59999",4
"844","CHEBI:4822","CHEBI:23367",8
"845","CHEBI:41879","CHEBI:23367",8
"846","CHEBI:261649","CHEBI:23367",5
"847","CHEBI:4814","CHEBI:23367",9
"848","CHEBI:71415","CHEBI:23367",9
"849","CHEBI:3310","CHEBI:23367",7
"850","CHEBI:5855","CHEBI:23367",9
"851","CHEBI:50580","CHEBI:23367",10
"852","CHEBI:2453","CHEBI:23367",11
"853","CHEBI:267413","CHEBI:23367",9
"854","CHEBI:85161","CHEBI:23367",9
"855","CHEBI:63115","CHEBI:23367",9
"856","CHEBI:3537","CHEBI:23367",10
"857","CHEBI:8772","CHEBI:23367",7
"858","CHEBI:5098","CHEBI:23367",10
"859","CHEBI:490877","CHEBI:23367",11
"860","CHEBI:127342","CHEBI:23367",8
"861","CHEBI:15443","CHEBI:23367",9
"862","CHEBI:48416","CHEBI:23367",9
"863","CHEBI:46659","CHEBI:23367",8
"864","CHEBI:8024","CHEBI:23367",8
"865","CHEBI:7915","CHEBI:23367",7
"866","CHEBI:132842","CHEBI:23367",9
"867","CHEBI:27325","CHEBI:23367",11
"868","CHEBI:50868","CHEBI:23367",8
"869","CHEBI:6443","CHEBI:23367",7
"870","CHEBI:59589","CHEBI:23367",9
"871","CHEBI:5120","CHEBI:23367",8
"872","CHEBI:29007","CHEBI:23367",8
"873","CHEBI:63577","CHEBI:23367",8
"874","CHEBI:3393","CHEBI:23367",10
"875","CHEBI:16856","CHEBI:23367",8
"876","CHEBI:3286","CHEBI:23367",10
"877","CHEBI:31205","CHEBI:23367",9
"878","CHEBI:59782","CHEBI:23367",9
"879","CHEBI:32161","CHEBI:23367",8
"880","CHEBI:2674","CHEBI:23367",7
"881","CHEBI:5062","CHEBI:23367",9
"882","CHEBI:46345","CHEBI:23367",7
"883","CHEBI:6437","CHEBI:23367",11
"884","CHEBI:133809","CHEBI:23367",9
"885","CHEBI:473990","CHEBI:23367",8
"886","CHEBI:15407","CHEBI:23367",9
"887","CHEBI:31632","CHEBI:23367",7
"888","CHEBI:4511","CHEBI:23367",9
"889","CHEBI:6402","CHEBI:23367",8
"890","CHEBI:5818","CHEBI:23367",8
"891","CHEBI:32020","CHEBI:23367",8
"892","CHEBI:7596","CHEBI:23367",5
"893","CHEBI:4884","CHEBI:23367",7
"894","CHEBI:4753","CHEBI:23367",8
"895","CHEBI:68534","CHEBI:23367",8
"896","CHEBI:4055","CHEBI:23367",7
"897","CHEBI:472805","CHEBI:23367",9
"898","CHEBI:15414","CHEBI:23367",7
"899","CHEBI:4392","CHEBI:23367",9
"900","CHEBI:31941","CHEBI:23367",5
"901","CHEBI:8382","CHEBI:23367",8
"902","CHEBI:7573","CHEBI:23367",8
"903","CHEBI:18145","CHEBI:23367",10
"904","CHEBI:9460","CHEBI:23367",10
"905","CHEBI:50885","CHEBI:23367",8
"906","CHEBI:8427","CHEBI:23367",8
"907","CHEBI:3638","CHEBI:23367",7
"908","CHEBI:17439","CHEBI:23367",10
"909","CHEBI:5138","CHEBI:23367",8
"910","CHEBI:55490","CHEBI:23367",10
"911","CHEBI:3761","CHEBI:23367",10
"912","CHEBI:3387","CHEBI:23367",9
"913","CHEBI:9467","CHEBI:59999",4
"914","CHEBI:27375","CHEBI:23367",8
"915","CHEBI:63605","CHEBI:23367",6
"916","CHEBI:9337","CHEBI:23367",9
"917","CHEBI:119573","CHEBI:23367",8
"918","CHEBI:72292","CHEBI:23367",7
"919","CHEBI:59582","CHEBI:23367",8
"920","CHEBI:4903","CHEBI:23367",7
"921","CHEBI:60072","CHEBI:23367",8
"922","CHEBI:6827","CHEBI:23367",10
"923","CHEBI:48923","CHEBI:23367",10
"924","CHEBI:15354","CHEBI:23367",8
"925","CHEBI:6780","CHEBI:23367",8
"926","CHEBI:38545","CHEBI:23367",8
"927","CHEBI:28748","CHEBI:23367",10
"928","CHEBI:75246","CHEBI:23367",6
"929","CHEBI:71019","CHEBI:23367",8
"930","CHEBI:28869","CHEBI:23367",11
"931","CHEBI:5613","CHEBI:23367",7
"932","CHEBI:27478","CHEBI:23367",9
"933","CHEBI:2946","CHEBI:23367",9
"934","CHEBI:50275","CHEBI:23367",9
"935","CHEBI:7772","CHEBI:59999",4
"936","CHEBI:65349","CHEBI:23367",8
"937","CHEBI:68564","CHEBI:23367",7
"938","CHEBI:3215","CHEBI:59999",4
"939","CHEBI:2627","CHEBI:23367",7
"940","CHEBI:204734","CHEBI:23367",8
"941","CHEBI:7825","CHEBI:23367",8
"942","CHEBI:6367","CHEBI:23367",9
"943","CHEBI:5779","CHEBI:23367",9
"944","CHEBI:3654","CHEBI:23367",8
"945","CHEBI:50848","CHEBI:23367",7
"946","CHEBI:3181","CHEBI:23367",9
"947","CHEBI:28946","CHEBI:23367",11
"948","CHEBI:2704","CHEBI:23367",9
"949","CHEBI:3716","CHEBI:23367",8
"950","CHEBI:521033","CHEBI:23367",8
"951","CHEBI:31403","CHEBI:23367",10
"952","CHEBI:9342","CHEBI:23367",8
"953","CHEBI:49575","CHEBI:23367",7
"954","CHEBI:50743","CHEBI:23367",8
"955","CHEBI:45652","CHEBI:23367",7
"956","CHEBI:3183","CHEBI:23367",7
"957","CHEBI:32816","CHEBI:23367",11
"958","CHEBI:119486","CHEBI:23367",6
"959","CHEBI:68841","CHEBI:23367",7
"960","CHEBI:100147","CHEBI:23367",9
"961","CHEBI:27974","CHEBI:23367",8
"962","CHEBI:2791","CHEBI:23367",12
"963","CHEBI:3219","CHEBI:23367",9
"964","CHEBI:5050","CHEBI:23367",9
"965","CHEBI:7936","CHEBI:23367",7
"966","CHEBI:4495","CHEBI:23367",7
"967","CHEBI:42068","CHEBI:23367",10
"968","CHEBI:49603","CHEBI:23367",7
"969","CHEBI:8247","CHEBI:23367",10
"970","CHEBI:37937","CHEBI:23367",8
"971","CHEBI:28787","CHEBI:23367",9
"972","CHEBI:160246","CHEBI:23367",8
"973","CHEBI:6441","CHEBI:23367",9
"974","CHEBI:4534","CHEBI:23367",9
"975","CHEBI:453011","CHEBI:23367",11
"976","CHEBI:3441","CHEBI:23367",8
"977","CHEBI:51038","CHEBI:23367",10
"978","CHEBI:49375","CHEBI:23367",7
"979","CHEBI:3499","CHEBI:23367",10
"980","CHEBI:9605","CHEBI:23367",8
"981","CHEBI:16586","CHEBI:23367",11
"982","CHEBI:9249","CHEBI:23367",8
"983","CHEBI:3084","CHEBI:23367",7
"984","CHEBI:3480","CHEBI:23367",7
"985","CHEBI:102166","CHEBI:23367",12
"986","CHEBI:17549","CHEBI:23367",11
"987","CHEBI:72296","CHEBI:23367",8
"988","CHEBI:70718","CHEBI:23367",8
"989","CHEBI:102524","CHEBI:23367",12
"990","CHEBI:17310","CHEBI:23367",9
"991","CHEBI:9139","CHEBI:23367",8
"992","CHEBI:16684","CHEBI:59999",4
"993","CHEBI:156095","CHEBI:23367",8
"994","CHEBI:61049","CHEBI:23367",8
"995","CHEBI:478164","CHEBI:23367",8
"996","CHEBI:6942","CHEBI:23367",7
"997","CHEBI:53773","CHEBI:23367",11
"998","CHEBI:7494","CHEBI:23367",7
"999","CHEBI:4882","CHEBI:23367",7
"1000","CHEBI:39669","CHEBI:23367",7
"1001","CHEBI:9122","CHEBI:23367",7
"1002","CHEBI:3238","CHEBI:23367",8
"1003","CHEBI:18258","CHEBI:23367",8
"1004","CHEBI:50673","CHEBI:23367",9
"1005","CHEBI:6651","CHEBI:23367",8
"1006","CHEBI:39211","CHEBI:23367",12
"1007","CHEBI:39211","CHEBI:59999",3
"1008","CHEBI:7454","CHEBI:23367",9
"1009","CHEBI:4518","CHEBI:23367",7
"1010","CHEBI:3547","CHEBI:23367",10
"1011","CHEBI:355510","CHEBI:23367",7
"1012","CHEBI:3738","CHEBI:23367",9
"1013","CHEBI:28487","CHEBI:23367",9
"1014","CHEBI:28001","CHEBI:23367",10
"1015","CHEBI:59219","CHEBI:23367",10
"1016","CHEBI:63621","CHEBI:23367",8
"1017","CHEBI:15854","CHEBI:23367",10
"1018","CHEBI:44032","CHEBI:23367",10
"1019","CHEBI:6775","CHEBI:23367",8
"1020","CHEBI:5100","CHEBI:23367",7
"1021","CHEBI:16664","CHEBI:23367",10
"1022","CHEBI:8028","CHEBI:23367",7
"1023","CHEBI:47781","CHEBI:23367",9
"1024","CHEBI:3127","CHEBI:23367",8
"1025","CHEBI:8774","CHEBI:23367",9
"1026","CHEBI:6715","CHEBI:23367",9
"1027","CHEBI:50749","CHEBI:23367",8
"1028","CHEBI:6015","CHEBI:23367",7
"1029","CHEBI:3750","CHEBI:23367",8
"1030","CHEBI:6149","CHEBI:23367",9
"1031","CHEBI:28971","CHEBI:23367",10
"1032","CHEBI:4904","CHEBI:23367",9
"1033","CHEBI:6076","CHEBI:23367",7
"1034","CHEBI:31308","CHEBI:23367",6
"1035","CHEBI:61276","CHEBI:23367",7
"1036","CHEBI:27446","CHEBI:23367",10
"1037","CHEBI:9728","CHEBI:23367",7
"1038","CHEBI:195280","CHEBI:23367",7
